{
     "id": "wanted-level",
     "title": "Wanted Level",
     "description": "Track the Wanted Level of your party, à la GTA",
     "version": "1.0.0",
     "authors": [
       {
         "name": "Chateaux",
         "discord": "chateaux_",
         "flags": {}
       }
     ],
     "compatibility": {
       "minimum": "13",
       "verified": "13.342"
     },
     "scripts": [
       "scripts/main.js"
     ],
     "styles": [
       "styles/wanted-level.css"
     ],
     "languages": [
       {
         "lang": "en",
         "name": "English",
         "path": "lang/en.json"
       }
     ],
     "url": "https://github.com/snshatto/wanted-level",
     "manifest": "https://github.com/snshatto/wanted-level/releases/latest/download/module.json",
     "download": "https://github.com/snshatto/wanted-level/releases/download/v1.0.0/module.zip"
}